                  epoch,         train/box_loss,         train/cls_loss,         train/dfl_loss,   metrics/precision(B),      metrics/recall(B),       metrics/mAP50(B),    metrics/mAP50-95(B),           val/box_loss,           val/cls_loss,           val/dfl_loss,                 lr/pg0,                 lr/pg1,                 lr/pg2
                      0,                 3.6013,                 3.2313,                 3.9862,                  9e-05,                0.00316,                  5e-05,                  2e-05,                 3.3294,                 3.8599,                 3.8632,               0.070638,              0.0032624,              0.0032624
                      1,                  3.316,                 2.7014,                 3.4056,                0.00073,                 0.1519,                0.00059,                0.00015,                 3.2625,                 3.9551,                 3.7656,               0.040606,              0.0065631,              0.0065631
                      2,                  2.966,                 2.3954,                 3.1159,                0.01621,                 0.2548,                0.04949,                0.01741,                 3.2367,                  3.853,                  3.766,                0.01054,              0.0098308,              0.0098308
                      3,                 2.7481,                 2.1274,                 2.8639,                0.00734,                 0.0915,                0.00493,                0.00166,                 2.8741,                 8.0165,                 3.1509,              0.0098515,              0.0098515,              0.0098515
                      4,                 2.5104,                 1.9486,                  2.622,                0.00769,                0.03604,                0.00444,                0.00156,                 2.8161,                 9.3496,                 3.0548,              0.0098515,              0.0098515,              0.0098515
                      5,                 2.3705,                 1.7151,                 2.4976,                0.50663,                0.04529,                0.00443,                0.00133,                 3.0803,                 8.2645,                 3.3498,               0.009802,               0.009802,               0.009802
                      6,                   2.22,                 1.5568,                 2.3387,                0.42442,                0.43855,                0.39321,                 0.1361,                 2.3439,                 2.0202,                  2.645,              0.0097525,              0.0097525,              0.0097525
                      7,                 2.1431,                 1.4529,                 2.2587,                 0.2993,                 0.2922,                0.28528,                0.11081,                 2.3287,                 2.4741,                 2.6595,               0.009703,               0.009703,               0.009703
                      8,                 2.0499,                 1.3455,                 2.1728,                0.54884,                0.10074,                0.02762,                0.00898,                 2.8964,                 3.5638,                 3.2184,              0.0096535,              0.0096535,              0.0096535
                      9,                 1.9886,                 1.2917,                 2.1166,                0.62796,                0.57948,                0.62312,                0.27857,                 1.9362,                 1.5045,                 2.2407,               0.009604,               0.009604,               0.009604
                     10,                 1.9026,                 1.2113,                 2.0589,                0.56685,                0.63473,                0.62775,                 0.2816,                 1.9803,                 1.3152,                 2.2468,              0.0095545,              0.0095545,              0.0095545
                     11,                 1.8733,                 1.1912,                 2.0144,                0.49945,                0.48388,                0.50575,                0.20195,                 2.0147,                  1.819,                  2.283,               0.009505,               0.009505,               0.009505
                     12,                 1.8583,                 1.1607,                 1.9892,                0.71555,                0.19039,                 0.1726,                0.06563,                 2.5336,                 2.9139,                 2.7441,              0.0094555,              0.0094555,              0.0094555
                     13,                 1.8372,                 1.1252,                 1.9648,                0.90575,                0.36604,                0.48022,                0.24388,                 1.8688,                 1.8225,                 2.1628,               0.009406,               0.009406,               0.009406
                     14,                 1.7696,                  1.094,                 1.9209,                0.64252,                0.62004,                0.62533,                0.31525,                 1.7019,                 1.4438,                  1.998,              0.0093565,              0.0093565,              0.0093565
                     15,                   1.81,                 1.1088,                 1.9367,                0.51514,                0.45586,                0.49356,                0.25199,                 1.8788,                  1.846,                 2.1289,               0.009307,               0.009307,               0.009307
                     16,                 1.7574,                 1.0745,                 1.8933,                0.85965,                0.29205,                0.34345,                0.16843,                 2.1429,                 2.5177,                 2.3996,              0.0092575,              0.0092575,              0.0092575
                     17,                 1.7291,                 1.0601,                 1.8784,                0.75409,                0.82119,                0.82455,                0.37462,                  1.707,                 1.2151,                 1.9457,               0.009208,               0.009208,               0.009208
                     18,                 1.7389,                 1.0358,                 1.8524,                0.78447,                0.76252,                0.79009,                0.36855,                 1.7057,                  1.055,                 1.9745,              0.0091585,              0.0091585,              0.0091585
                     19,                 1.7083,                 1.0368,                   1.82,                0.80626,                0.84158,                0.87789,                0.44355,                  1.569,                0.94343,                  1.828,               0.009109,               0.009109,               0.009109
                     20,                 1.6952,                 1.0186,                 1.8316,                0.82775,                0.85166,                0.85326,                0.41742,                 1.5922,                0.97322,                 1.8435,              0.0090595,              0.0090595,              0.0090595
                     21,                 1.6549,                0.99242,                 1.7876,                  0.779,                0.81974,                  0.813,                0.39499,                 1.6232,                0.94403,                 1.8655,                0.00901,                0.00901,                0.00901
                     22,                 1.6823,                 1.0014,                 1.7906,                0.98542,                0.46153,                0.52245,                0.26932,                 1.8271,                 1.4066,                 2.0666,              0.0089605,              0.0089605,              0.0089605
                     23,                 1.6636,                0.99105,                 1.7789,                0.80332,                0.81553,                0.84137,                0.41904,                 1.5864,                0.97093,                 1.8359,               0.008911,               0.008911,               0.008911
                     24,                 1.6644,                0.99105,                 1.7976,                0.85304,                0.87914,                0.89643,                0.44694,                 1.5965,                0.95688,                 1.8235,              0.0088615,              0.0088615,              0.0088615
                     25,                 1.6377,                0.96673,                 1.7627,                0.83713,                0.87519,                0.87828,                  0.438,                 1.5619,                0.86302,                 1.7851,               0.008812,               0.008812,               0.008812
                     26,                 1.6053,                0.94809,                 1.7361,                0.72346,                0.79825,                0.78906,                0.39015,                 1.6504,                 1.0395,                 1.8662,              0.0087625,              0.0087625,              0.0087625
                     27,                 1.6204,                0.94524,                 1.7499,                0.59847,                0.70063,                0.61667,                0.31573,                 1.6691,                 1.1596,                 1.8733,               0.008713,               0.008713,               0.008713
                     28,                 1.6106,                0.93777,                 1.7439,                0.81158,                0.88333,                 0.8602,                0.43197,                 1.5812,                0.90215,                 1.8105,              0.0086635,              0.0086635,              0.0086635
                     29,                 1.6282,                0.95242,                 1.7424,                0.76445,                0.72453,                0.76805,                0.38914,                 1.6423,                 1.0298,                 1.8616,               0.008614,               0.008614,               0.008614
                     30,                 1.5955,                0.92221,                 1.7148,                0.86884,                0.86846,                0.89751,                0.43653,                 1.5826,                0.91098,                 1.7904,              0.0085645,              0.0085645,              0.0085645
                     31,                 1.6181,                0.94084,                 1.7344,                0.83676,                0.88455,                0.91658,                 0.4326,                 1.6436,                 1.0017,                 1.8326,               0.008515,               0.008515,               0.008515
                     32,                 1.6021,                0.93124,                 1.7179,                0.74507,                0.77162,                0.76145,                0.38512,                 1.6111,                0.99242,                 1.8243,              0.0084655,              0.0084655,              0.0084655
                     33,                 1.5794,                0.92737,                 1.6959,                0.83352,                 0.8593,                0.88148,                0.42465,                 1.6017,                0.91648,                 1.8079,               0.008416,               0.008416,               0.008416
                     34,                 1.5522,                0.90403,                 1.6805,                0.68905,                0.76936,                0.78301,                0.39158,                 1.6522,                0.96606,                 1.8701,              0.0083665,              0.0083665,              0.0083665
                     35,                 1.5756,                 0.9028,                 1.7009,                 0.8004,                0.79049,                0.83769,                0.38655,                 1.6978,                0.96995,                 1.8968,               0.008317,               0.008317,               0.008317
                     36,                 1.5721,                 0.9135,                 1.6916,                0.77264,                0.76369,                0.79059,                0.39577,                 1.6281,                0.99779,                 1.8285,              0.0082675,              0.0082675,              0.0082675
                     37,                 1.5537,                0.87941,                 1.6695,                0.68597,                0.67229,                0.65676,                0.33786,                 1.6792,                  1.229,                 1.8605,               0.008218,               0.008218,               0.008218
                     38,                 1.5417,                0.88257,                 1.6597,                0.86583,                0.86457,                0.90115,                0.45032,                 1.6232,                0.90356,                 1.8026,              0.0081685,              0.0081685,              0.0081685
                     39,                 1.5578,                0.90261,                 1.6855,                0.67139,                 0.6279,                0.66989,                0.33862,                  1.744,                 1.1998,                 1.8896,               0.008119,               0.008119,               0.008119
                     40,                 1.5569,                0.89921,                 1.6746,                0.60473,                0.63871,                0.59925,                0.31588,                 1.7453,                 1.2866,                 1.9071,              0.0080695,              0.0080695,              0.0080695
                     41,                 1.5548,                0.89001,                 1.6665,                0.74623,                0.79719,                0.77411,                0.37526,                 1.6813,                  1.047,                 1.8536,                0.00802,                0.00802,                0.00802
                     42,                 1.5277,                0.87738,                 1.6463,                0.75551,                0.72342,                0.73462,                0.38022,                 1.6637,                 0.9943,                 1.8158,              0.0079705,              0.0079705,              0.0079705
                     43,                   1.51,                0.85537,                 1.6408,                0.90826,                0.86748,                0.91231,                0.45334,                 1.6627,                0.83166,                 1.8117,               0.007921,               0.007921,               0.007921
                     44,                 1.5291,                0.87583,                 1.6529,                0.78678,                0.80348,                0.83072,                0.41345,                 1.6389,                0.88902,                 1.7788,              0.0078715,              0.0078715,              0.0078715
                     45,                 1.5294,                0.87924,                 1.6569,                0.80059,                 0.8334,                0.85866,                0.43078,                  1.604,                 0.9132,                 1.7475,               0.007822,               0.007822,               0.007822
                     46,                  1.493,                0.84712,                 1.6208,                0.80628,                0.82382,                0.84834,                0.42467,                 1.5965,                0.86802,                 1.7505,              0.0077725,              0.0077725,              0.0077725
                     47,                 1.5222,                0.87869,                 1.6357,                0.73097,                0.79447,                0.79094,                 0.3938,                 1.6244,                 1.0067,                 1.7871,               0.007723,               0.007723,               0.007723
                     48,                 1.5243,                0.87795,                 1.6423,                0.84151,                0.87644,                0.88429,                0.44148,                 1.6327,                 0.8428,                 1.7656,              0.0076735,              0.0076735,              0.0076735
                     49,                 1.5114,                0.87292,                 1.6305,                0.82186,                 0.8444,                0.86809,                0.44803,                 1.5655,                0.82794,                 1.7258,               0.007624,               0.007624,               0.007624
                     50,                 1.5154,                0.86187,                 1.6293,                0.83439,                0.87991,                0.90608,                 0.4454,                  1.628,                0.84515,                 1.7569,              0.0075745,              0.0075745,              0.0075745
                     51,                  1.515,                0.85592,                 1.6281,                0.70383,                0.72824,                0.74675,                0.39054,                 1.5826,                0.94682,                  1.759,               0.007525,               0.007525,               0.007525
                     52,                 1.5035,                 0.8629,                 1.6308,                0.86116,                0.87737,                0.90569,                0.45137,                 1.5763,                0.80602,                 1.7567,              0.0074755,              0.0074755,              0.0074755
                     53,                 1.5203,                0.87643,                 1.6368,                0.92236,                0.84018,                0.90838,                0.45576,                 1.5873,                0.80814,                 1.7353,               0.007426,               0.007426,               0.007426
                     54,                 1.4978,                0.85023,                 1.5978,                 0.8494,                0.91107,                0.92199,                0.45578,                 1.5699,                0.80582,                 1.7184,              0.0073765,              0.0073765,              0.0073765
                     55,                 1.5063,                0.86352,                 1.6193,                 0.8938,                0.83583,                 0.9148,                0.46025,                 1.5968,                0.81644,                 1.7411,               0.007327,               0.007327,               0.007327
                     56,                 1.5039,                0.84613,                 1.6214,                0.75334,                0.81853,                0.77778,                0.39145,                 1.6444,                 0.9527,                 1.7909,              0.0072775,              0.0072775,              0.0072775
                     57,                 1.4772,                0.82691,                 1.6008,                 0.8039,                0.83783,                0.86336,                0.44555,                 1.5861,                  0.873,                 1.7464,               0.007228,               0.007228,               0.007228
                     58,                 1.5124,                0.85751,                 1.6397,                0.51643,                 0.5079,                0.50983,                0.27726,                 1.9345,                   1.63,                 2.0572,              0.0071785,              0.0071785,              0.0071785
                     59,                 1.4913,                0.82479,                 1.5872,                 0.8414,                  0.839,                0.86615,                0.42105,                 1.6429,                0.82522,                 1.7747,               0.007129,               0.007129,               0.007129
                     60,                 1.4882,                0.83773,                 1.6039,                0.64853,                0.64596,                0.66159,                0.35761,                 1.6668,                 1.1497,                 1.8301,              0.0070795,              0.0070795,              0.0070795
                     61,                 1.4794,                0.83301,                 1.5923,                0.83658,                0.87324,                0.88777,                0.42622,                 1.6196,                0.82339,                  1.757,                0.00703,                0.00703,                0.00703
                     62,                 1.4459,                0.81876,                 1.5653,                  0.815,                0.87026,                0.87769,                0.44405,                 1.6159,                0.86477,                 1.7721,              0.0069805,              0.0069805,              0.0069805
                     63,                 1.4788,                0.83092,                 1.5994,                0.81521,                0.84757,                0.87776,                0.44551,                 1.5887,                0.80413,                 1.7245,               0.006931,               0.006931,               0.006931
                     64,                 1.4591,                0.81691,                 1.5905,                0.87333,                0.90303,                0.92178,                0.45156,                 1.6218,                0.78166,                 1.7533,              0.0068815,              0.0068815,              0.0068815
                     65,                 1.4859,                0.84515,                 1.5994,                0.88894,                0.91178,                0.92986,                0.46832,                 1.5854,                0.76468,                 1.7266,               0.006832,               0.006832,               0.006832
                     66,                 1.4685,                0.80773,                 1.5656,                0.83776,                0.88988,                0.87574,                0.43544,                 1.6071,                0.82981,                 1.7476,              0.0067825,              0.0067825,              0.0067825
                     67,                 1.4543,                0.82173,                 1.5698,                0.76629,                0.84981,                0.83927,                0.40627,                 1.6501,                0.86007,                  1.771,               0.006733,               0.006733,               0.006733
                     68,                 1.4587,                0.83002,                 1.5698,                0.85105,                 0.8839,                  0.914,                0.46584,                 1.5673,                0.78324,                 1.7178,              0.0066835,              0.0066835,              0.0066835
                     69,                 1.4601,                0.82978,                 1.5745,                0.79275,                 0.8539,                0.85138,                0.43245,                 1.5657,                0.82363,                 1.7137,               0.006634,               0.006634,               0.006634
                     70,                 1.4407,                0.81204,                 1.5582,                0.84629,                0.86919,                 0.9086,                0.46354,                 1.5776,                0.76421,                 1.7213,              0.0065845,              0.0065845,              0.0065845
                     71,                  1.453,                0.80677,                 1.5605,                 0.8915,                0.89913,                0.92209,                0.47298,                 1.5461,                0.76531,                 1.6969,               0.006535,               0.006535,               0.006535
                     72,                 1.4724,                0.83413,                 1.5793,                0.81809,                0.79285,                0.84569,                0.42677,                 1.5895,                0.83594,                 1.7207,              0.0064855,              0.0064855,              0.0064855
                     73,                 1.4338,                0.81492,                 1.5503,                0.77648,                0.82659,                0.84452,                0.40458,                 1.6682,                0.84926,                 1.7659,               0.006436,               0.006436,               0.006436
                     74,                  1.447,                0.80566,                 1.5623,                0.79834,                0.82542,                0.85693,                0.43681,                 1.5692,                0.84445,                 1.7136,              0.0063865,              0.0063865,              0.0063865
                     75,                 1.4602,                0.82676,                 1.5687,                0.73869,                0.79449,                0.81398,                  0.419,                 1.5827,                0.87635,                  1.728,               0.006337,               0.006337,               0.006337
                     76,                 1.4366,                0.82576,                 1.5504,                0.87747,                0.88963,                0.91982,                 0.4455,                 1.6058,                0.77113,                 1.7529,              0.0062875,              0.0062875,              0.0062875
                     77,                 1.4303,                0.79043,                 1.5461,                0.87413,                 0.8539,                0.90411,                0.45755,                 1.5831,                0.76023,                 1.7131,               0.006238,               0.006238,               0.006238
                     78,                  1.405,                0.77905,                 1.5315,                0.87262,                0.88989,                 0.9073,                0.44563,                 1.6271,                0.78782,                 1.7503,              0.0061885,              0.0061885,              0.0061885
                     79,                   1.44,                0.80063,                 1.5526,                0.88897,                0.87095,                0.91152,                0.45277,                 1.5861,                0.76497,                  1.722,               0.006139,               0.006139,               0.006139
                     80,                 1.4076,                0.79212,                 1.5202,                0.87528,                0.87702,                0.91866,                0.44867,                 1.5894,                0.78128,                 1.7323,              0.0060895,              0.0060895,              0.0060895
                     81,                 1.4426,                0.80406,                 1.5494,                0.87665,                0.84664,                0.89246,                0.42615,                 1.6858,                0.79083,                 1.7745,                0.00604,                0.00604,                0.00604
                     82,                 1.4432,                0.80188,                 1.5573,                0.81789,                0.85134,                0.87155,                 0.4118,                 1.6471,                0.82369,                 1.7673,              0.0059905,              0.0059905,              0.0059905
                     83,                 1.4039,                0.79203,                 1.5352,                0.86525,                0.87196,                0.90457,                0.45142,                 1.6105,                0.77198,                 1.7263,               0.005941,               0.005941,               0.005941
                     84,                 1.4302,                0.79892,                 1.5429,                 0.9058,                0.85785,                0.92263,                0.44534,                 1.5978,                0.76291,                 1.7292,              0.0058915,              0.0058915,              0.0058915
                     85,                 1.4085,                0.77813,                 1.5226,                0.84628,                   0.88,                0.91589,                0.44219,                 1.6132,                0.77098,                 1.7326,               0.005842,               0.005842,               0.005842
                     86,                 1.4181,                0.80185,                 1.5319,                0.87058,                0.87555,                0.90648,                0.44474,                 1.5755,                0.77433,                  1.718,              0.0057925,              0.0057925,              0.0057925
                     87,                 1.4189,                0.77001,                 1.5357,                0.87082,                  0.887,                 0.9218,                0.45725,                 1.5943,                0.73455,                 1.7354,               0.005743,               0.005743,               0.005743
                     88,                 1.4106,                0.79486,                 1.5232,                0.89006,                0.85799,                0.93397,                 0.4524,                 1.5967,                0.76716,                 1.7293,              0.0056935,              0.0056935,              0.0056935
                     89,                 1.4323,                0.79221,                 1.5367,                0.86302,                0.87235,                 0.9217,                0.44351,                 1.6184,                  0.767,                 1.7541,               0.005644,               0.005644,               0.005644
                     90,                 1.3978,                0.79815,                 1.5202,                0.89723,                0.90076,                0.92272,                0.45738,                 1.5704,                0.74121,                  1.701,              0.0055945,              0.0055945,              0.0055945
                     91,                  1.415,                0.79175,                 1.5366,                0.86936,                0.87591,                 0.9065,                0.43797,                 1.5927,                0.77866,                 1.7149,               0.005545,               0.005545,               0.005545
                     92,                 1.3976,                0.80323,                 1.5369,                0.87967,                0.90278,                0.93729,                0.47331,                  1.565,                0.72957,                 1.6921,              0.0054955,              0.0054955,              0.0054955
                     93,                 1.4348,                0.79066,                 1.5294,                0.87055,                0.87522,                0.92183,                0.46654,                 1.5684,                0.73764,                 1.6908,               0.005446,               0.005446,               0.005446
                     94,                 1.4125,                0.78157,                 1.5253,                0.77688,                0.83175,                0.82793,                0.40918,                 1.6311,                0.80652,                 1.7511,              0.0053965,              0.0053965,              0.0053965
                     95,                  1.395,                 0.7759,                 1.5084,                0.89883,                0.88753,                 0.9102,                0.44378,                 1.6004,                0.74484,                 1.7268,               0.005347,               0.005347,               0.005347
                     96,                 1.4252,                0.80345,                 1.5414,                0.87127,                0.88857,                0.91587,                0.43991,                 1.6265,                0.77566,                 1.7431,              0.0052975,              0.0052975,              0.0052975
                     97,                 1.4025,                 0.7691,                  1.518,                0.72757,                0.82304,                0.75854,                0.39414,                 1.5812,                0.82278,                 1.6936,               0.005248,               0.005248,               0.005248
                     98,                 1.3772,                0.76458,                 1.5003,                0.90137,                0.88033,                0.93099,                0.46246,                 1.5785,                 0.7253,                 1.6989,              0.0051985,              0.0051985,              0.0051985
                     99,                 1.4129,                0.78405,                 1.5254,                0.88972,                0.89701,                0.92458,                 0.4535,                  1.589,                0.73633,                 1.7074,               0.005149,               0.005149,               0.005149
                    100,                 1.3941,                0.78337,                 1.5109,                 0.8571,                0.88701,                 0.9149,                0.42734,                 1.6482,                0.74545,                 1.7519,              0.0050995,              0.0050995,              0.0050995
                    101,                 1.3844,                0.77171,                  1.503,                0.86036,                0.91725,                0.93052,                0.44791,                 1.5807,                0.74829,                  1.716,                0.00505,                0.00505,                0.00505
                    102,                 1.4139,                0.79823,                 1.5361,                0.90054,                 0.8699,                0.91013,                0.44584,                 1.6014,                0.76369,                 1.7201,              0.0050005,              0.0050005,              0.0050005
                    103,                 1.3914,                0.77113,                 1.5085,                0.89388,                0.90857,                0.93098,                0.46238,                 1.5722,                0.73181,                 1.6983,               0.004951,               0.004951,               0.004951
                    104,                 1.3849,                0.77417,                 1.4958,                 0.8558,                0.89658,                0.92638,                0.46517,                 1.5809,                0.72527,                 1.7165,              0.0049015,              0.0049015,              0.0049015
                    105,                 1.3952,                0.80106,                 1.5232,                0.90756,                0.85074,                0.93238,                0.47596,                 1.5803,                0.71551,                 1.6995,               0.004852,               0.004852,               0.004852
                    106,                 1.3768,                0.78092,                 1.5109,                0.84306,                  0.856,                0.91157,                0.46483,                  1.568,                0.72229,                 1.6979,              0.0048025,              0.0048025,              0.0048025
                    107,                 1.3918,                0.78037,                 1.5119,                0.95187,                0.79982,                0.92199,                0.45944,                 1.5813,                0.72455,                 1.7066,               0.004753,               0.004753,               0.004753
                    108,                 1.3971,                0.78063,                 1.4975,                0.87943,                0.90442,                0.93526,                0.46347,                 1.5976,                0.72932,                 1.7253,              0.0047035,              0.0047035,              0.0047035
                    109,                 1.3823,                0.77407,                 1.5056,                0.91503,                 0.8949,                0.92304,                 0.4562,                 1.5805,                0.71822,                 1.7196,               0.004654,               0.004654,               0.004654
                    110,                 1.3977,                0.77823,                 1.5135,                0.90515,                0.86048,                0.89975,                0.43069,                 1.6336,                0.75263,                 1.7609,              0.0046045,              0.0046045,              0.0046045
                    111,                 1.3955,                0.78483,                 1.5163,                 0.8723,                0.85835,                0.91579,                0.46624,                 1.5551,                0.75882,                 1.6725,               0.004555,               0.004555,               0.004555
                    112,                 1.3775,                0.77443,                 1.4917,                0.87906,                0.88949,                0.92384,                0.46389,                  1.597,                0.73436,                 1.7127,              0.0045055,              0.0045055,              0.0045055
                    113,                 1.3795,                0.77478,                 1.4722,                0.88342,                 0.8907,                0.92086,                0.44366,                 1.6286,                0.74153,                 1.7296,               0.004456,               0.004456,               0.004456
                    114,                   1.37,                0.77799,                 1.4927,                 0.7864,                 0.7169,                0.77044,                0.38119,                 1.6215,                0.88685,                 1.7373,              0.0044065,              0.0044065,              0.0044065
                    115,                  1.365,                0.75938,                 1.4812,                0.88025,                0.84874,                0.90909,                0.44423,                 1.6189,                 0.7433,                 1.7283,               0.004357,               0.004357,               0.004357
                    116,                  1.387,                0.77683,                 1.4837,                0.84561,                0.88509,                0.92224,                0.45335,                 1.6219,                0.73416,                 1.7164,              0.0043075,              0.0043075,              0.0043075
                    117,                 1.3651,                0.76071,                 1.4814,                0.69776,                0.73364,                0.75203,                0.37938,                 1.6454,                0.91786,                 1.7425,               0.004258,               0.004258,               0.004258
                    118,                 1.3745,                0.78281,                 1.5055,                0.86372,                0.85693,                 0.9245,                0.46033,                 1.5763,                0.72845,                 1.6998,              0.0042085,              0.0042085,              0.0042085
                    119,                 1.3759,                0.77783,                 1.4919,                0.84809,                0.87277,                0.91536,                0.45413,                 1.5782,                0.73046,                 1.7077,               0.004159,               0.004159,               0.004159
                    120,                 1.3521,                0.75744,                 1.4718,                0.87195,                0.88532,                0.93189,                0.46999,                   1.59,                0.70969,                 1.6999,              0.0041095,              0.0041095,              0.0041095
                    121,                 1.3863,                0.78563,                 1.5022,                0.86046,                0.87853,                0.92405,                0.46012,                 1.5778,                0.73005,                 1.7001,                0.00406,                0.00406,                0.00406
                    122,                 1.3441,                0.76969,                 1.4765,                0.73798,                0.84152,                0.84116,                 0.4241,                 1.5909,                0.83526,                 1.7175,              0.0040105,              0.0040105,              0.0040105
                    123,                 1.3581,                0.76591,                 1.4826,                0.95616,                0.78287,                0.92095,                0.46648,                 1.5562,                0.72213,                  1.676,               0.003961,               0.003961,               0.003961
                    124,                 1.3518,                0.75945,                 1.4667,                0.86499,                0.87388,                0.92851,                0.47733,                 1.5693,                0.72503,                  1.686,              0.0039115,              0.0039115,              0.0039115
                    125,                  1.332,                0.75672,                 1.4608,                0.85857,                0.87143,                0.91825,                0.46636,                 1.5739,                0.72222,                 1.7178,               0.003862,               0.003862,               0.003862
                    126,                 1.3662,                0.78218,                 1.4911,                0.86322,                0.89081,                0.92462,                0.44974,                 1.6089,                0.74069,                 1.7307,              0.0038125,              0.0038125,              0.0038125
                    127,                 1.3457,                0.73102,                 1.4678,                0.77009,                0.85722,                0.84266,                0.40422,                   1.67,                0.78143,                 1.7609,               0.003763,               0.003763,               0.003763
                    128,                 1.3609,                0.76867,                   1.48,                0.86524,                0.89635,                0.93539,                0.46818,                 1.5857,                0.70356,                 1.7023,              0.0037135,              0.0037135,              0.0037135
                    129,                 1.3321,                0.75064,                 1.4541,                0.88597,                0.87644,                0.92054,                0.45227,                 1.5903,                0.72392,                 1.7117,               0.003664,               0.003664,               0.003664
                    130,                 1.3382,                0.73565,                 1.4637,                0.89445,                0.88748,                0.93516,                0.46791,                 1.5773,                0.71946,                 1.7071,              0.0036145,              0.0036145,              0.0036145
                    131,                 1.3395,                0.74385,                 1.4647,                0.83772,                0.87257,                0.91421,                0.45722,                  1.591,                 0.7105,                 1.7166,               0.003565,               0.003565,               0.003565
                    132,                 1.3398,                0.75366,                  1.474,                0.86783,                0.89358,                0.92831,                0.45634,                  1.601,                0.71665,                 1.7187,              0.0035155,              0.0035155,              0.0035155
                    133,                 1.3435,                 0.7426,                 1.4723,                 0.8709,                 0.8931,                0.92172,                0.45017,                 1.6188,                0.71478,                 1.7306,               0.003466,               0.003466,               0.003466
                    134,                 1.3232,                0.73901,                 1.4566,                0.88651,                0.89411,                0.91055,                0.45005,                  1.592,                0.72671,                 1.7218,              0.0034165,              0.0034165,              0.0034165
                    135,                 1.3563,                0.75874,                 1.4748,                0.87383,                0.86325,                0.91396,                0.44241,                 1.6119,                0.74078,                  1.719,               0.003367,               0.003367,               0.003367
                    136,                 1.3371,                0.75899,                 1.4692,                0.86027,                0.89134,                0.93026,                0.46134,                 1.6044,                0.70246,                 1.7266,              0.0033175,              0.0033175,              0.0033175
                    137,                 1.3229,                0.73746,                 1.4529,                0.85006,                0.90176,                0.92928,                0.46295,                 1.5915,                0.69405,                 1.7001,               0.003268,               0.003268,               0.003268
                    138,                 1.3602,                0.76337,                 1.4845,                0.88013,                0.90924,                0.93869,                0.45502,                 1.6234,                0.70618,                 1.7397,              0.0032185,              0.0032185,              0.0032185
                    139,                 1.3417,                0.75174,                 1.4709,                0.82221,                0.87235,                0.90383,                0.45402,                 1.5939,                0.73452,                 1.7206,               0.003169,               0.003169,               0.003169
                    140,                 1.3171,                 0.7383,                  1.454,                0.90405,                0.86088,                0.93279,                0.46537,                 1.5991,                0.70114,                 1.7322,              0.0031195,              0.0031195,              0.0031195
                    141,                 1.3415,                0.74158,                 1.4783,                0.92086,                0.85205,                0.93047,                0.46707,                 1.5966,                0.71716,                 1.7277,                0.00307,                0.00307,                0.00307
                    142,                 1.3025,                0.72131,                  1.433,                0.90405,                0.86356,                0.92509,                0.45897,                 1.5805,                0.69607,                 1.7169,              0.0030205,              0.0030205,              0.0030205
                    143,                 1.3494,                0.76041,                  1.477,                0.85508,                0.89171,                0.92907,                0.45849,                 1.5951,                0.70495,                 1.7228,               0.002971,               0.002971,               0.002971
                    144,                 1.3459,                0.75805,                 1.4657,                0.88794,                 0.8826,                0.93317,                0.46257,                 1.5826,                0.70803,                 1.7163,              0.0029215,              0.0029215,              0.0029215
                    145,                 1.3234,                0.74342,                 1.4562,                 0.8717,                0.86062,                0.92056,                 0.4571,                 1.6031,                 0.7213,                 1.7315,               0.002872,               0.002872,               0.002872
                    146,                 1.3162,                0.74811,                 1.4492,                0.87943,                0.87658,                0.93077,                0.46264,                  1.579,                0.70369,                 1.7033,              0.0028225,              0.0028225,              0.0028225
                    147,                 1.3364,                0.74191,                 1.4611,                0.90444,                0.89806,                0.94293,                 0.4711,                 1.6016,                0.71577,                 1.7215,               0.002773,               0.002773,               0.002773
                    148,                 1.3238,                0.77045,                 1.4659,                  0.929,                0.78667,                0.91694,                 0.4725,                 1.5661,                0.69937,                 1.7037,              0.0027235,              0.0027235,              0.0027235
                    149,                 1.3242,                0.73127,                 1.4568,                0.86072,                  0.878,                0.92304,                0.47009,                 1.5666,                0.70658,                 1.7002,               0.002674,               0.002674,               0.002674
                    150,                 1.3309,                 0.7348,                 1.4597,                0.85698,                0.87809,                0.92965,                 0.4634,                 1.5697,                0.70533,                 1.6917,              0.0026245,              0.0026245,              0.0026245
                    151,                 1.3312,                0.72437,                 1.4449,                0.87726,                0.86471,                0.92439,                0.47066,                 1.5673,                0.70931,                 1.6923,               0.002575,               0.002575,               0.002575
                    152,                 1.3235,                0.75372,                 1.4583,                 0.9063,                0.84256,                0.91573,                0.46448,                 1.5713,                0.72428,                 1.6935,              0.0025255,              0.0025255,              0.0025255
                    153,                 1.3299,                0.73515,                 1.4534,                0.91196,                0.81447,                0.91678,                0.45881,                 1.5891,                0.70114,                 1.7164,               0.002476,               0.002476,               0.002476
                    154,                 1.3266,                0.74752,                  1.464,                0.86364,                 0.8891,                0.92714,                0.45313,                 1.5992,                0.70964,                 1.7227,              0.0024265,              0.0024265,              0.0024265
                    155,                 1.3163,                0.74003,                 1.4552,                0.82399,                0.86602,                0.91343,                0.45528,                 1.5929,                0.71712,                 1.7044,               0.002377,               0.002377,               0.002377
                    156,                 1.3235,                0.74611,                 1.4613,                 0.8153,                0.89635,                0.91105,                0.45099,                 1.6139,                0.71528,                 1.7179,              0.0023275,              0.0023275,              0.0023275
                    157,                 1.3228,                0.73593,                 1.4456,                0.87951,                0.87744,                0.92914,                0.45649,                  1.611,                  0.707,                 1.7224,               0.002278,               0.002278,               0.002278
                    158,                 1.3173,                0.72048,                 1.4487,                0.88553,                0.88311,                0.93285,                0.45339,                  1.594,                0.70083,                 1.7241,              0.0022285,              0.0022285,              0.0022285
                    159,                 1.3254,                0.73813,                 1.4655,                0.87477,                0.83439,                 0.9114,                0.45131,                 1.5819,                0.70762,                  1.703,               0.002179,               0.002179,               0.002179
                    160,                 1.3128,                0.76695,                 1.4561,                0.78183,                0.83624,                0.88155,                0.43912,                 1.6027,                0.73185,                 1.7086,              0.0021295,              0.0021295,              0.0021295
                    161,                 1.3244,                0.72411,                 1.4414,                 0.9397,                0.79382,                0.91017,                0.45302,                 1.5855,                 0.7278,                 1.6853,                0.00208,                0.00208,                0.00208
                    162,                 1.3152,                0.72514,                 1.4329,                0.87592,                0.83214,                0.92022,                0.46345,                 1.5784,                0.70407,                 1.6877,              0.0020305,              0.0020305,              0.0020305
                    163,                 1.3141,                0.71886,                 1.4333,                0.87472,                0.86378,                0.92187,                0.45252,                 1.6011,                0.70401,                 1.7085,               0.001981,               0.001981,               0.001981
                    164,                 1.3066,                0.73433,                 1.4345,                0.93424,                0.80807,                0.92048,                0.45297,                 1.5866,                0.71874,                 1.6942,              0.0019315,              0.0019315,              0.0019315
                    165,                 1.2953,                0.72845,                 1.4329,                0.84874,                0.84457,                0.90785,                0.45389,                 1.5978,                0.72707,                 1.7103,               0.001882,               0.001882,               0.001882
                    166,                 1.3057,                0.72278,                 1.4405,                0.86705,                0.88181,                0.92786,                0.46449,                 1.5833,                0.69865,                 1.6993,              0.0018325,              0.0018325,              0.0018325
                    167,                 1.3149,                0.72987,                 1.4429,                0.86266,                0.87235,                0.91913,                0.46219,                 1.5972,                0.70873,                 1.7136,               0.001783,               0.001783,               0.001783
                    168,                 1.3067,                 0.7349,                 1.4444,                0.90314,                0.82223,                0.91798,                0.45847,                 1.5984,                0.71684,                   1.72,              0.0017335,              0.0017335,              0.0017335
                    169,                 1.2674,                0.70598,                 1.4085,                0.88049,                0.87085,                0.92792,                 0.4529,                 1.6128,                0.70331,                 1.7355,               0.001684,               0.001684,               0.001684
                    170,                 1.2844,                0.69799,                 1.4215,                0.90208,                0.86734,                0.92721,                0.45336,                 1.6049,                0.70381,                 1.7289,              0.0016345,              0.0016345,              0.0016345
                    171,                 1.2979,                0.72607,                 1.4342,                0.88279,                0.84831,                0.92127,                0.45917,                 1.5877,                0.70064,                  1.712,               0.001585,               0.001585,               0.001585
                    172,                  1.303,                0.72638,                 1.4356,                0.89768,                0.84577,                0.91702,                0.45527,                 1.5906,                0.70734,                 1.7083,              0.0015355,              0.0015355,              0.0015355
                    173,                 1.2699,                0.71194,                 1.4037,                0.88588,                 0.8262,                0.90942,                0.45312,                 1.6041,                0.70189,                 1.7123,               0.001486,               0.001486,               0.001486
                    174,                 1.2935,                0.72618,                 1.4321,                 0.9052,                0.83847,                0.92863,                0.46212,                 1.5944,                0.69664,                 1.7197,              0.0014365,              0.0014365,              0.0014365
                    175,                 1.2539,                0.70341,                 1.4057,                0.91978,                0.83623,                0.92658,                0.46748,                 1.5817,                0.68568,                 1.7118,               0.001387,               0.001387,               0.001387
                    176,                 1.3088,                0.72632,                 1.4447,                0.91827,                0.83287,                0.92996,                0.46639,                 1.5841,                 0.6945,                 1.6935,              0.0013375,              0.0013375,              0.0013375
                    177,                 1.2906,                0.71133,                 1.4153,                0.85495,                0.86919,                0.92064,                 0.4617,                 1.5872,                 0.6943,                  1.718,               0.001288,               0.001288,               0.001288
                    178,                 1.2856,                0.72233,                 1.4164,                 0.8516,                0.88018,                0.92538,                 0.4661,                 1.5752,                0.70087,                 1.7031,              0.0012385,              0.0012385,              0.0012385
                    179,                 1.2735,                0.70247,                 1.4141,                0.84886,                0.88092,                0.92001,                0.46053,                 1.5828,                0.69511,                 1.7061,               0.001189,               0.001189,               0.001189
                    180,                 1.3024,                0.73124,                 1.4321,                0.88667,                0.86246,                 0.9325,                 0.4611,                  1.594,                0.68861,                 1.7193,              0.0011395,              0.0011395,              0.0011395
                    181,                 1.2876,                0.72449,                  1.433,                0.89422,                0.85981,                0.92443,                0.45956,                  1.568,                0.69594,                 1.6946,                0.00109,                0.00109,                0.00109
                    182,                 1.2797,                0.71142,                 1.4196,                0.93646,                0.80044,                 0.9137,                0.45695,                 1.5829,                0.69318,                 1.7091,              0.0010405,              0.0010405,              0.0010405
                    183,                 1.2668,                0.70488,                 1.4076,                0.86046,                0.84322,                0.90582,                0.46254,                 1.5818,                0.69352,                  1.698,               0.000991,               0.000991,               0.000991
                    184,                 1.2876,                0.71063,                 1.4242,                0.86973,                0.86137,                0.92314,                0.46624,                 1.5797,                0.68728,                 1.7023,              0.0009415,              0.0009415,              0.0009415
                    185,                 1.2594,                0.68771,                 1.4119,                0.94379,                  0.808,                0.92395,                0.46579,                 1.5747,                 0.6914,                 1.7065,               0.000892,               0.000892,               0.000892
                    186,                 1.3025,                0.71707,                 1.4279,                 0.8995,                0.84902,                0.92316,                0.46541,                 1.5833,                0.68723,                 1.7151,              0.0008425,              0.0008425,              0.0008425
                    187,                  1.278,                0.70691,                 1.4242,                0.93209,                0.80804,                 0.9118,                0.45824,                 1.5852,                0.69259,                 1.7184,               0.000793,               0.000793,               0.000793
                    188,                 1.2918,                0.71339,                 1.4349,                0.90523,                0.83161,                0.91772,                0.46207,                  1.586,                0.68977,                 1.7122,              0.0007435,              0.0007435,              0.0007435
                    189,                  1.284,                0.70513,                 1.4198,                0.94417,                0.81262,                0.91982,                0.45988,                 1.5876,                0.69676,                 1.7112,               0.000694,               0.000694,               0.000694
                    190,                 1.2442,                0.68657,                 1.3868,                0.94566,                0.80167,                0.90845,                0.46436,                 1.5754,                0.68359,                 1.6969,              0.0006445,              0.0006445,              0.0006445
                    191,                 1.2904,                0.71226,                 1.4215,                0.92736,                 0.8176,                0.91394,                0.46363,                  1.596,                0.69002,                 1.7197,               0.000595,               0.000595,               0.000595
                    192,                 1.2463,                0.70392,                 1.3986,                0.93473,                0.82278,                0.91733,                0.46033,                 1.5977,                0.68405,                 1.7222,              0.0005455,              0.0005455,              0.0005455
                    193,                 1.2541,                0.70736,                 1.4035,                0.93104,                0.82552,                0.91691,                0.46024,                  1.582,                0.68369,                 1.7126,               0.000496,               0.000496,               0.000496
                    194,                 1.2659,                0.70812,                 1.4076,                0.91851,                0.83048,                 0.9212,                0.45962,                 1.5772,                0.68256,                 1.7043,              0.0004465,              0.0004465,              0.0004465
                    195,                 1.2611,                0.70351,                 1.4034,                0.88692,                 0.8456,                0.91972,                0.45871,                 1.5933,                0.68309,                 1.7153,               0.000397,               0.000397,               0.000397
                    196,                 1.2802,                 0.7084,                 1.4248,                 0.8937,                0.86301,                0.92259,                0.46725,                 1.5783,                0.67389,                 1.7051,              0.0003475,              0.0003475,              0.0003475
                    197,                 1.2713,                0.70291,                 1.4168,                 0.9192,                0.82631,                0.92124,                0.46482,                 1.5825,                0.68593,                 1.7096,               0.000298,               0.000298,               0.000298
                    198,                 1.2764,                0.71117,                 1.4224,                0.91789,                0.83253,                0.92005,                0.46256,                 1.5825,                0.69267,                 1.7076,              0.0002485,              0.0002485,              0.0002485
                    199,                 1.2675,                0.68912,                 1.4005,                0.91253,                0.83569,                0.91922,                0.46577,                 1.5796,                0.68557,                  1.706,               0.000199,               0.000199,               0.000199
